{
  "ARIMA(auto,nonseasonal,top10)": {
    "avg_cv_mape": 21.92863787124683,
    "weight": 0.16041346193334904
  },
  "LightGBM(n=500,leaves=63)": {
    "avg_cv_mape": 13.563676502994856,
    "weight": 0.25934330678210693
  },
  "MovingAverage(w=4)": {
    "avg_cv_mape": 21.864428242223585,
    "weight": 0.16088455080733954
  },
  "Prophet(top10)": {
    "avg_cv_mape": 21.863293755972865,
    "weight": 0.16089289910622265
  },
  "XGBoost(n=500,d=6)": {
    "avg_cv_mape": 13.609726973337672,
    "weight": 0.25846578137098186
  }
}