{
  "MovingAverage(w=4)": {
    "MAE": 3521.6772228939813,
    "RMSE": 9430.556157884857,
    "MAPE": 21.864428242223585,
    "weighted_MAE": 3867.401306483635
  },
  "ARIMA(auto,nonseasonal,top10)": {
    "MAE": 3531.0616381787618,
    "RMSE": 9406.63725389313,
    "MAPE": 21.92863787124683,
    "weighted_MAE": 3871.0358060051863
  },
  "Prophet(top10)": {
    "MAE": 3520.0175136856737,
    "RMSE": 9434.392283529021,
    "MAPE": 21.863293755972865,
    "weighted_MAE": 3871.7108354724164
  },
  "XGBoost(n=500,d=6)": {
    "MAE": 6576.959582899149,
    "RMSE": 11791.38193014537,
    "MAPE": 40.46904867951087,
    "weighted_MAE": 6840.939040718389
  },
  "LightGBM(n=500,leaves=63)": {
    "MAE": 6572.475495358299,
    "RMSE": 11791.977858264234,
    "MAPE": 40.438348365949,
    "weighted_MAE": 6832.642453520272
  },
  "Ensemble": {
    "MAE": 1745.5287306827395,
    "RMSE": 3607.5785509456314,
    "MAPE": 10.811588524537662,
    "weighted_MAE": 1764.3931467629288
  }
}