{
  "MovingAverage(w=4)": {
    "MAE": 3521.6772228939813,
    "RMSE": 9430.556157884857,
    "MAPE": 21.864428242223585,
    "weighted_MAE": 3867.401306483635
  },
  "ARIMA(auto,nonseasonal,top10)": {
    "MAE": 3531.0616381787618,
    "RMSE": 9406.63725389313,
    "MAPE": 21.92863787124683,
    "weighted_MAE": 3871.0358060051863
  },
  "Prophet(top10)": {
    "MAE": 3520.0175136856737,
    "RMSE": 9434.392283529021,
    "MAPE": 21.863293755972865,
    "weighted_MAE": 3871.7108354724164
  },
  "XGBoost(n=500,d=6)": {
    "MAE": 6584.974704685707,
    "RMSE": 11790.691465693742,
    "MAPE": 40.51644174375217,
    "weighted_MAE": 6878.61680167332
  },
  "LightGBM(n=500,leaves=63)": {
    "MAE": 6565.996886375878,
    "RMSE": 11775.783206893693,
    "MAPE": 40.398718159356605,
    "weighted_MAE": 6825.877062360377
  },
  "Ensemble": {
    "MAE": 1750.3761826777709,
    "RMSE": 3630.2351317456214,
    "MAPE": 10.841792371514362,
    "weighted_MAE": 1767.9785570243678
  }
}