{
  "MovingAverage(w=4)": {
    "MAE": 3521.6772228939813,
    "RMSE": 9430.556157884857,
    "MAPE": 21.864428242223585,
    "weighted_MAE": 3867.401306483635
  },
  "ARIMA(auto,nonseasonal,top10)": {
    "MAE": 3531.0616381787618,
    "RMSE": 9406.63725389313,
    "MAPE": 21.92863787124683,
    "weighted_MAE": 3871.0358060051863
  },
  "Prophet(top10)": {
    "MAE": 3520.0175136856737,
    "RMSE": 9434.392283529021,
    "MAPE": 21.863293755972865,
    "weighted_MAE": 3871.7108354724164
  },
  "XGBoost(n=500,d=6)": {
    "MAE": 1953.1368710145753,
    "RMSE": 5901.972760059762,
    "MAPE": 12.128651191336019,
    "weighted_MAE": 2432.7885371786433
  },
  "LightGBM(n=500,leaves=63)": {
    "MAE": 1942.3437463767684,
    "RMSE": 5821.350694118558,
    "MAPE": 12.06467690342456,
    "weighted_MAE": 2402.2837789847313
  },
  "Ensemble": {
    "MAE": 1542.709436745396,
    "RMSE": 3296.2139835205676,
    "MAPE": 9.704644669096933,
    "weighted_MAE": 1565.1362408439286
  }
}