{
  "ARIMA(auto,nonseasonal,top10)": {
    "avg_cv_mape": 21.92863787124683,
    "weight": 0.15079502226014926
  },
  "LightGBM(n=500,leaves=63)": {
    "avg_cv_mape": 12.06467690342456,
    "weight": 0.27408354673723606
  },
  "MovingAverage(w=4)": {
    "avg_cv_mape": 21.864428242223585,
    "weight": 0.15123786450283724
  },
  "Prophet(top10)": {
    "avg_cv_mape": 21.863293755972865,
    "weight": 0.1512457122351955
  },
  "XGBoost(n=500,d=6)": {
    "avg_cv_mape": 12.128651191336019,
    "weight": 0.272637854264582
  }
}